groupId,ownerId,createdAt
06640c82-83e8-461e-8c55-7956cd7cdeae,51203782-ecb6-4c9a-81d5-d06bba316e49,2025-04-14T13:48:08.555Z
06db8cb8-f22b-40ad-81cc-b564d5ede1fe,97a79c02-ce7e-449e-984f-bb022374baf6,2025-09-12T18:02:30.742Z
65824807-5691-4507-ac8e-909ceb19eca2,ff8db06e-3b34-429a-b9ca-f8344d5c80b8,2025-02-24T11:52:10.109Z
88861539-471e-488c-990a-66831d94cd29,2895432f-ed56-424b-8d3b-7e1e3d43ac40,2025-07-28T23:45:48.547Z
8a777d78-23e1-4f8a-ac1d-71b45c8db124,d129a12f-147e-45c0-8f68-182d3dfc6337,2024-08-12T00:07:23.824Z
723db315-0b11-4470-a9f1-30ccd4af8b74,239074d5-99d5-4126-a85e-a692d07ea7df,2025-06-08T23:04:26.367Z
4eb75f01-7b9a-4fb8-907c-df314613d056,25163941-740d-4121-bea7-664090df0881,2024-12-05T17:39:30.536Z
f73770de-ca06-4b1a-830d-859f16a36a4a,e91d9592-fe7a-412a-9082-523c8c8cffdb,2024-04-23T23:21:26.730Z
80ffc64d-a9d7-4d9a-96f8-563601ec8d14,72b27541-63f1-4d9a-aee0-c5ec79ded02f,2025-03-15T21:02:49.777Z
0d0bb05e-ead9-4e52-8200-29701f33a997,8833043e-9762-48fd-9c3b-fbce57d5e6f7,2025-10-23T09:03:40.487Z
e361ecbb-6620-47c2-b8b7-3d1e219eda12,8fd69740-e4b1-4aed-bb3b-62c8221a43c1,2025-02-06T08:12:06.896Z
a1a4bfe9-ff1f-4dff-8739-18cf5c0a6cb6,9a2d6a89-ff97-4569-b624-8057ca5e8f89,2024-07-10T00:34:24.190Z
465559c0-1de0-4cdf-ba79-e7e0cd136c30,692f1798-5c40-48a6-bf17-2b81d6ccd044,2025-10-13T03:48:59.465Z
d159552b-5f07-40a3-9401-a716c4431033,b4da6c01-7e14-4e14-a394-adfd59d1276e,2024-08-28T23:03:22.974Z
b23ac1e7-ef18-4391-b9fc-cdaa36350f32,7fbf2bcd-6ef2-43e4-a450-ad1542548445,2025-03-29T13:18:26.786Z
69b3dd4b-180b-48c4-8230-0f99c924bae9,cb475573-2f54-4ff4-a309-34c9556b9c2b,2024-03-06T21:49:44.603Z
0a543fa2-a807-41fd-825b-f2563e73964b,50159cb3-3742-40e9-b625-d4f88cd40eb6,2024-02-01T09:07:14.208Z
e3c99b6c-bbc3-4c1d-bb44-ed35d2d6c567,21c35eac-abb0-4eb3-9641-532d6988579b,2025-04-25T15:28:37.950Z
f2623876-cea3-40c6-ace4-eb7e3fe04e35,edf4ccc1-a431-497b-81cd-f2fe39d0ecc2,2023-12-27T19:03:50.165Z
1ea239b8-661b-4ccb-9e9f-7bb9cddc35ea,d7dd33f7-75ff-4a20-8b59-2e877116f3af,2025-09-11T15:21:58.339Z
85a0eed4-4470-4833-8644-771c653bce28,87a9a24a-63cf-4722-a6e2-dab90107b983,2024-06-21T08:09:40.210Z
2575c999-393d-4510-a069-f4dce4f8393f,f2c03477-b4cf-4590-adff-03f944bddf15,2024-07-10T12:07:10.281Z
afbe8b1c-01f7-4ea9-9806-b5730346d523,bf9b37ee-91e6-4cae-a331-29ce5a8c3c58,2025-10-15T11:11:12.731Z
602cf3df-0823-4b4e-ba31-ce029e1aef30,37b6793c-3a1b-406c-9220-2eb7aeddc4c0,2024-01-25T09:08:09.321Z
47c5d83b-ee81-4e5c-8224-e9aa850f3826,839d6820-6e9f-446b-9cb1-8bc61f634d51,2025-07-01T04:52:42.980Z
da526cdc-4d52-4090-abf8-1a70dbb7a49a,2fdef398-cd1c-4e82-8279-af6bbbaeaab4,2024-03-11T15:00:38.239Z
c15a2f6c-19ad-453a-8326-1f666bf3f67f,3b3aa1f7-8178-4ba1-acf8-831c9f51d3f8,2024-08-23T06:02:54.144Z
ba240628-2471-4674-9a87-092a8325777a,955640f6-ca58-494f-a3fb-55c02064d801,2024-03-13T11:43:39.860Z
ad2e5b36-c9bf-479d-bd95-ee0b39780089,6e133128-486f-4ac0-9b8c-5eca599fde25,2024-12-23T06:13:57.501Z
1d44432e-705c-4057-ae74-d0bbb6b654a7,352571eb-cebf-4be9-8a68-dac4d4b5a435,2024-10-10T04:49:29.495Z
775d0a4d-16a0-42e9-9e8c-3a91cbb616ee,bda2a96d-fc78-4058-b188-f8cc7778d655,2023-12-20T10:00:32.630Z
1c6eed90-552e-4815-b93f-4e0a619751ab,05b265e2-41b1-4749-9af8-ec53426bc5f0,2024-02-20T17:27:57.378Z
79ca0b4c-64aa-4c20-b14e-105c86026dde,40050b2c-e2e7-430d-8f89-13c3f2374dfd,2023-12-22T01:30:14.954Z
a4c1e1a4-8fd6-44ad-9404-6b0a4e4acb7d,2870ead4-2017-4d30-9b04-e5b86a74a24a,2025-05-03T01:21:38.675Z
d24a0305-d2cf-4bac-9fff-e26c1bb6f854,d49bbf46-a8ca-4fdd-8643-647ee68ae0fd,2023-12-25T07:21:34.365Z
1697947e-400b-411f-b184-9382addd7a63,db36b633-e777-407b-b46d-e4016ebcae02,2025-07-10T05:52:59.419Z
728645a1-e57d-47d3-b11a-0b99cc8ac0d9,d7757bff-0e17-44c7-a0c4-5d5620ac88c8,2025-04-14T02:09:45.331Z
73345c4d-1e50-46c5-95bb-05186e11b392,4b9a01f1-6976-4807-bcd3-d0178762785b,2024-01-06T07:57:17.283Z
8b6aa5e9-f9cb-41bb-b994-f86134e5c224,3088b24c-f57d-4035-9ca4-ed0b3936870e,2025-04-09T22:16:40.255Z
91b7bf98-9c9d-4868-afd8-791afa1b184f,d8b0fbea-14bd-4b8d-95da-b401d66377b2,2024-06-17T01:17:13.118Z
3b4653d3-c0ed-4d18-8080-94cde587f5ad,7c0c5547-a8bc-4199-919f-2b1e4c7e4633,2024-10-15T23:40:06.094Z
0624daff-2ed5-4e06-a9fc-b7772250d869,71fc587b-cb2b-4dc5-bf41-cbef160e907f,2024-12-11T07:22:56.324Z
2e398867-3873-4e20-8542-6f09d3fa4a63,de27d51d-722f-4fbe-a8f6-b2afc05c4c3f,2024-11-24T00:47:28.155Z
389f13d0-190d-450a-a616-8c67053fa248,bbe48bdf-3de6-4cde-b9f0-4a9b631ac21c,2025-06-21T18:19:39.499Z
e93e7907-e1be-4303-9b44-f0de85fb8626,fb538626-5579-443d-be3b-07f88716b026,2024-04-03T11:35:14.949Z
c5e45297-6962-4a0c-9a0f-e74a1295dcd8,7ca5488a-67eb-402e-96f0-7a4ef94a2b6f,2024-10-01T15:56:30.255Z
f41b3c51-7802-43eb-a74e-6c15bdd2e18a,76404d1e-ddb2-4ba1-a1a8-40128a27485e,2025-04-22T11:28:05.726Z
15a89ffd-27b8-4e87-939d-0180d1b60f04,7d21e3de-b860-4f97-919b-0240f606b929,2025-07-11T00:11:15.055Z
53ab1bc0-cae7-4ab8-b10c-0965d05c18ad,cb8e8013-7cd0-40fc-a0fe-a2ee944c42a2,2023-12-08T03:00:25.385Z
8db42ac5-f8fa-4a3c-a361-128a8fda0108,4b88d10d-7c78-4637-b6c0-b65e3cc19728,2024-05-29T12:35:09.277Z
0b8dba73-fa48-460d-a8a5-191c93fddeaf,ca6164eb-71e1-4b3a-afce-63d53bd9148e,2023-11-27T05:38:02.395Z
fe628876-e4f4-4079-ac83-70473bfbee37,62ec015f-611f-493f-8a9f-b7e8f92251b6,2025-05-25T17:43:16.419Z
f777c20d-cebc-4771-b362-174e7dd64ead,a709049f-9b23-4608-b4ce-47583ab8d095,2025-05-13T13:28:37.202Z
aac31ea3-ac63-4df2-bd14-e3eb5345865c,295b05bd-42b9-4d5d-8dc3-3e11d727ef16,2024-01-17T15:21:31.097Z
9af8ed10-0cac-49ec-9db9-2c6237c3ad3c,2eead185-83e3-4ae0-83e1-51e89651e6fb,2024-02-23T08:23:39.874Z
4244d3e0-e69e-4bca-92a4-33c3619e9e58,66e10248-a2ce-4ea1-8731-13a3bd07bbec,2025-06-13T13:02:34.849Z
26fa96eb-5c1d-42aa-bd03-50798463754f,6df4da07-a1cf-4b5d-81f2-b1610479f178,2024-08-15T08:39:22.803Z
dd18eb31-6a98-4a45-b4f5-487763cd6bcc,1da7a036-4ee8-4827-beae-e7d76d39c2f9,2025-04-04T01:44:39.816Z
a310b580-93d4-4bb1-b9f0-effcd4684ab0,6bfe440d-75af-4485-b148-00bbbfbb6bad,2025-06-19T21:39:30.112Z
58b96b39-4c2d-47ad-b7bc-e520a7802df9,5f7f65ec-c295-4170-b1c2-cff2f3dc693d,2024-06-06T21:47:56.145Z
6dacd482-8d1b-4f58-bae5-b379b39330c2,0497c464-1012-4896-9a65-925e7d41681e,2023-12-26T14:28:07.022Z
3448a18a-06b4-439e-8115-9ee85d2339d5,646342c5-bfc6-46a4-a5b1-573f9ee5e786,2025-03-08T08:25:07.945Z
444660a7-4881-4561-ad89-4eb7ec9a1216,d01db036-26b0-4ef9-9b45-89222337a449,2024-07-28T20:03:16.859Z
3e4824c3-8708-4895-b2cb-50c9ac9344d6,f089af3c-58e7-49ec-bb21-6092a757c0af,2024-07-19T02:46:58.715Z
35506f6f-958b-4d45-b426-fb81ff6797f3,c2efba0a-04ca-40db-9aeb-828f5970d9df,2024-01-14T01:45:17.139Z
e74d6e4a-7690-456b-b343-064b5352ec83,22b4f7f4-8207-4a6c-8484-c306ebf6525b,2023-12-13T05:28:27.047Z
56b58cfc-4195-4259-82c7-7b580bb0366d,274dbefb-bee8-4d19-8c0c-e0988960a5bc,2025-09-09T09:04:03.761Z
b2731fb7-c517-40db-9a30-1e3d43fc5b73,7d3f068d-bf87-498c-ba1a-51c602e25471,2025-07-20T18:47:06.174Z
6e69e764-3e1e-4580-baf2-5ea2b20e2e2d,aaf31281-0d56-4d9d-a511-b25285488beb,2025-05-18T16:27:08.255Z
fc8f17ca-7142-4b28-b660-f820b0b920f4,bd190c65-4320-43c3-9a57-fb88d8806db6,2024-09-18T20:59:48.041Z
4ddb8d61-f312-4420-b4fd-61deffa6f19b,714a2c80-1f24-4fd5-9933-67a4037dd2f7,2025-04-10T14:15:11.701Z
8be78b06-21bf-4907-936f-62011751bf57,42cfe3b2-5aa7-417f-b921-636666be803c,2025-05-28T21:17:10.555Z
c78e0781-cb3b-4e0c-a43c-a871f94850fc,899b2f58-b3e0-4a04-82e1-675893a99e81,2023-12-20T23:13:17.829Z
81f2ab1c-1dd1-4ba8-bc17-153034104f83,887b81bb-13af-4751-bcd1-e71505f0becb,2024-11-23T16:00:36.078Z
d1d7951d-c50e-42d9-8902-e8823796a49b,ae7082f0-ede1-46ac-a65a-5020320262f3,2024-03-18T17:25:04.561Z
4a562559-a34a-4fb1-8290-613757d0384e,23a87f58-9715-486f-9492-02964cbe7975,2024-04-09T04:00:50.765Z
a4bb1e14-adf8-4cbb-86ec-b3d916a105f3,dc54f973-3e63-4668-bdf0-900ca24900d0,2024-12-01T04:48:01.301Z
5a1ce0a7-be64-493b-8b46-3382e557aeca,b217758e-2429-4198-85f5-81d0c83cfe12,2025-05-19T16:03:29.566Z
c272043f-4c2a-4644-8872-f431311f946e,8e47dbc9-6ad9-4810-8934-0ae4dc0a564f,2024-04-22T09:03:04.828Z
b6f05d3f-aaa7-49a8-ac9a-c0e96dbdd263,a944d046-b49b-43b9-97e2-655219117d75,2024-04-13T15:20:01.371Z
1c26d14a-6f7e-4e51-a23b-4906d4287eae,0a42d5a3-03a8-46d3-b088-b7aecf41ce80,2024-02-07T15:44:12.300Z
ac626ce2-c16c-41d7-a5c2-3400ffb0c122,cd566e25-debe-4b84-bbbb-d946f040338d,2025-03-17T09:09:52.800Z
77be7c51-f49d-4927-a230-16203bc74076,9f3b570f-a7f2-4c5a-84eb-169ac176cdf2,2024-11-21T17:06:16.201Z
bce45a2f-811d-4292-8c91-b575a88c30fd,426e5040-3c3b-495f-98f7-374ca2fe0fdb,2024-09-08T03:56:15.915Z
9b50e9b4-0fdb-43b8-94b6-55a729c92e84,1b94400e-f3c7-4028-93f1-a981074b5fc8,2023-12-10T13:34:20.457Z
5de25a38-1308-4e2a-ae79-540f4e94f126,6ba11f8e-0c7a-453f-a974-d6adc8ea209d,2024-02-25T13:12:36.707Z
9b7e0757-3669-45cc-9a24-b92237ba0f94,afd0c32c-f87d-4bea-8ca8-7c29d501eb1a,2025-05-10T13:26:07.890Z
387418fb-b5dd-40d6-a9a9-55e7e4498872,c4f02897-b079-4d4b-bb30-11bd29f8d08a,2024-06-01T08:32:02.150Z
1f91cf07-20b4-4179-b077-e485ad2ce5c2,65657478-acde-44d9-b85b-30258e42964e,2023-11-07T11:26:08.588Z
0edbb4bd-4d2c-4a8e-9647-ff49069d8885,32c4c647-a48d-4462-b774-4b0b58c3e18a,2025-10-15T03:35:46.494Z
f9c4b6b2-0501-4d31-bf30-4fe79bfe3d91,4db8b3d6-0fc6-4646-a39e-238ca41bf724,2024-01-24T13:43:58.669Z
7b042a43-5eed-4f85-b63d-18e918613981,d99844cb-8d65-410c-94de-a3419d9e5f87,2025-07-15T01:27:02.721Z
b9d03909-2742-4224-94d8-e3b009220864,52d2816c-d780-42f7-bf71-59af4c9ce040,2025-03-15T16:28:41.380Z
2298ac43-9c6e-4492-80be-3a527989da99,da75be21-5a36-4679-bc26-dbe917cf99be,2025-08-01T23:49:05.894Z
c5f6ce4d-2c69-4324-88ed-1887370a4b29,b2b96640-af2e-4eed-a56d-cc6646ae2d68,2025-03-01T17:55:16.606Z
d70c0445-4f89-4736-8669-0bac6d4382f3,c05f4fd9-8d1f-4da0-a99f-a9bba7ab9a93,2024-12-30T08:46:29.935Z
19020974-21cd-407c-bb80-1c5724a4ac79,834ce388-ae03-4a9c-8650-4d72830d1b15,2024-07-26T01:06:51.864Z
44411dc6-1144-4d46-be44-f2a12d53a90b,68d6292d-7090-4fda-bb8d-3b824e389780,2023-11-23T11:45:30.283Z
467e9bcd-6b82-4829-a65b-d260362ba471,fb13ea0d-dd30-43e5-98ae-cbbe7535f9d1,2025-06-13T09:06:21.713Z
1717b4d4-1281-4224-bfb0-1a94ebb0d72c,bf5522dc-8919-411a-8f45-be0396236583,2024-10-28T16:33:06.063Z
06ff60eb-213a-4fc1-b80c-f8572f9fec88,e42c1c36-f516-4bb3-810c-f319d394d965,2025-01-03T23:35:36.304Z
eec236e3-3623-4f3a-a61c-1c4682417d22,36f72a83-5b54-4b40-8886-a2e5e5ed1386,2024-08-10T14:21:31.355Z
902fcb41-d537-4f46-86fc-64794c7b5ad6,bd0886ef-45b0-4779-b2d6-e5b1066bd8ea,2025-02-15T10:48:48.054Z
b1171a87-69ff-45ee-b0b6-89d4bc1c65a2,98aee6e9-8eaf-40e8-beb2-260aff036023,2024-01-08T21:20:09.390Z
d3634bd1-33ac-4456-8a5b-61ed15f37519,744f27d0-d74d-4756-aaad-f5fd54bcde75,2025-04-23T11:46:11.894Z
5355eab0-0376-4b93-8dc7-b26f35492bd9,4d901990-8cfe-47b2-931d-2d499dbdf4a4,2024-12-06T03:04:59.425Z
d309718f-9c5c-407a-ac30-1d42879a6b35,3ed032b0-979e-4494-b95f-a2a1d0ef0dc2,2024-10-25T23:16:11.838Z
f9b9257f-51fc-4c0a-bb82-c7429fa4179c,c763062d-f852-4b66-afcd-f577722cdcd1,2024-11-10T18:00:46.851Z
f4953963-ed6f-48b9-a525-94bfb09211d3,4a12bf13-735b-427d-946c-310eff5e7898,2025-03-18T05:06:22.911Z
054d2d4a-df11-4360-be23-5510dc080f46,30ab9d05-5a92-46c8-9083-b3dd2de3f927,2025-01-12T09:51:43.546Z
befa96c4-c16f-4b9a-a7de-7d1080c9eb65,c845d902-3b1b-4e44-89de-74a4d00bba66,2025-01-18T22:09:15.917Z
e18d4777-9339-4eaf-91c8-fbc9692d9fd3,498e1eed-20f7-441b-b016-8cda1fb78c17,2025-01-06T07:45:32.008Z
c85602cf-274a-4407-8fcb-483808a9158e,164f9a7e-abef-497e-a2ba-e9313a27d3e3,2024-02-19T13:54:40.025Z
5ab8972e-de28-4865-9eb0-3bd9a06fd0e8,a382df29-4bde-4148-aafe-566d908b994d,2024-12-28T00:12:19.997Z
8cd580f1-df5b-4faf-9d11-ecd8c5288a1d,4ada3c08-4477-428b-a07e-ab4e90eb0bb3,2024-07-10T05:45:53.795Z
61fe2043-1ea1-4431-aa4b-71b0756d9d72,490ee97b-24e6-4685-aa0b-077b48f8c554,2024-08-11T17:58:12.518Z
211ae84f-417c-40db-903a-175534576570,20f56f7e-e56b-4945-bda3-bc1e50ece4bc,2025-01-16T18:02:29.347Z
f6af142c-7187-4486-9711-009b0f6294c0,a7d40a80-bd2d-4fc0-b023-adaab179bba6,2024-02-27T18:07:12.894Z
a6ad1bf5-1569-4f85-8718-b2f649633965,9177f793-68c8-4166-aa37-c2a22db7d787,2023-11-30T23:15:53.264Z
0abb0352-0fdf-442c-ad05-64aa19dccd4a,9b595ad9-c3e3-4fc9-a3da-fac7db1f2e1b,2025-02-11T12:53:04.540Z
7ac9f762-949a-4acc-9b36-af1e8fa003b0,2a27d953-4a90-45fd-b518-54247e4e039f,2024-03-14T13:14:06.510Z
70fc4977-bb5b-4255-9111-0d80b75e5867,bb6a29c3-6faa-4e98-b13e-ef6d8a38b771,2025-02-19T07:21:35.408Z
1f36632f-b2f6-4de9-bb7d-dc80f2194e23,ebebf621-dac1-4fe4-9189-d6dc4850f245,2024-03-20T22:14:15.165Z
6b0c70b4-7750-4426-9749-00f8e6a9253c,c9ef1e22-59ba-48bc-b073-ed7cc8381c0d,2024-03-04T06:47:24.358Z
b5de05d6-edef-4532-8095-79366ab77bbd,8dc1750f-d007-4cc2-9cbe-1fe865aff908,2024-03-30T16:25:51.820Z
8e6adde6-9425-4285-970d-f5a879228c95,eddee620-f052-4a21-b862-5d51787d7659,2024-09-30T14:17:54.721Z
204b176c-77bb-4d9a-98ed-7b2306e937fc,6c2dc200-ca52-4d32-a2bc-b3e8d0ca8950,2025-06-24T08:01:40.319Z
f175f8ae-c85b-4e81-a2e6-85b47d8e5580,963f513c-01b2-4992-99c5-4f7cd6955ce7,2023-11-12T18:37:25.515Z
77d93c2f-d12e-469d-b71e-d3bbf1ca8199,0eb76902-7a19-4ddc-a487-4d4c93bcee14,2023-12-11T03:31:17.942Z
38775c13-608f-4852-864b-0bde02dc9fd4,0b47a718-8bb8-456b-8892-c593025bb785,2024-02-04T13:26:33.949Z
94476b6e-4e23-410a-b9cd-96ec8e2564c5,761ca417-ed29-45c1-a95a-2259b8ca3e91,2025-04-28T17:17:52.730Z
71ba45dc-bd76-464e-a479-361c5c5f865f,bd3d32b3-36b3-44c6-86ce-cdcbce1c5679,2025-03-06T10:32:26.093Z
7d3c9a83-d37e-42ea-b176-e1b8a476e867,31512594-195b-434b-bbd1-c69c69c91a6f,2025-04-27T08:39:45.776Z
6689f1df-8f3a-4b17-8cca-49c4c2e8a64f,d88350d0-a2e6-467d-81fe-7a86ff56893e,2024-01-08T18:32:48.539Z
9d9012d5-94e1-4ba4-88be-9f8c9e9c6950,08a43e3f-6151-49fb-ad92-293c814f8f07,2025-06-19T03:16:02.541Z
8424b968-46be-4cfb-91fc-6a9f4f6ba00d,f6ad1ffb-9c8b-4eb6-99b3-0351e03849d3,2024-07-31T12:47:57.247Z
ef441256-2039-4b82-890d-942f3542be68,b4e4a2d1-d42f-42d7-ac55-027614eb3730,2023-11-08T10:44:20.225Z
6d3f6918-4c14-48d0-b2ab-3e1960d4e76c,3fd882a0-8c6f-4547-b862-56c6be163cf9,2023-12-27T17:25:21.695Z
f286113a-0bfe-46ef-ac62-bbc98e74a348,c12b3c5f-a500-4865-b924-bc343f7a7f17,2025-03-22T06:18:49.974Z
6f90f8b8-5972-40df-9285-7be15a2d28a0,58076f8f-a8f0-4e21-8766-dad5f0253eeb,2024-09-14T20:06:43.563Z
be7a6bf4-a8a8-4fe3-a5a2-96f4e167b0a1,13e3f6a5-5b61-4f50-b6c1-bd26f1428e10,2025-02-15T03:24:43.076Z
e5f5f4ae-e335-4dc1-a1a4-ad0fc7f17a2b,98bfea57-f2f8-4452-8ecc-8b2768cdd4cf,2025-04-03T18:53:16.471Z
7887fda4-aeb2-4fff-ae0f-68183444e4f1,a3ce85d4-907a-4e7d-90ed-226fe8df0165,2024-11-06T04:33:59.507Z
13677772-c300-499f-a808-e3d72f1e7fcb,a038d010-0893-47d5-ad83-4eb8a337f3cd,2023-11-09T03:42:58.706Z
85491c6c-4014-4553-a817-641446e2f879,8ed43ba8-a366-41a9-8a71-4129b83e5730,2024-10-18T20:19:12.334Z
6f04bb22-16ca-42fd-b829-24e9326e921b,a2e49d84-e1ac-4fd0-89fe-053844a1be8c,2024-12-05T18:11:32.444Z
26f6bea4-6778-4b95-beb8-4a13f6dd5b02,e2a7cb5b-ce92-4b41-8c1d-8802cf918b95,2024-08-13T05:56:41.100Z
92139cdb-dc44-4a12-afcc-47cb79e2ed82,4163fe8e-261b-4478-bbba-1f7179e789dc,2024-02-28T05:53:12.391Z
35f6856e-d8ea-45ed-983c-884e8566afc5,70ddfd7a-b85b-43b7-9245-c253641ceeea,2025-03-09T22:19:17.164Z
ad972d40-b772-4a97-a51c-ed82fba13f91,33a6d9df-6e46-4990-a638-573eb23e1c7d,2025-04-16T19:54:12.438Z
5e88a8e7-13eb-4c08-86ec-ff7711b5aad3,c978a354-4591-4426-a6c3-1e4de85c78d8,2023-12-21T17:50:27.701Z
c8613d67-5ba8-4db2-ac0e-6686bc6a1ee1,69678dfb-5f62-4daf-b719-1f01c02e7df8,2025-02-06T12:36:51.956Z
4cad6c26-268e-4d22-97af-91b2d0fb1041,0838d52d-37c0-4522-b948-fc74e4ee3c6f,2024-06-07T04:52:28.912Z
75f3f6d5-e630-4278-981f-f476e9edb06c,23857d59-c8e8-4165-ab72-fb3d349ebd15,2024-02-12T23:39:50.281Z
27112050-dc29-42a8-a016-617214eb42e9,131ba221-bcd8-4b64-b4aa-0282af07527a,2024-01-21T12:53:24.152Z
f0764417-8941-4b9a-94a8-a4c07fd715bc,b0e51d8e-3933-4da8-b873-88e27f7981e6,2024-08-11T01:32:30.322Z
f5b82e63-bba8-46e7-a569-10c6fc5ca229,813f0221-4660-499c-82f2-1dfa96f9731c,2024-05-25T06:55:35.054Z
15486bcf-d79f-43a4-b552-1dcedc4d8275,b641bbaf-2177-46bd-8fd2-91a8585f6247,2024-03-05T17:49:37.909Z
4cf616c9-2dd3-4af9-b205-1885d12f5534,05196b93-83c5-4de2-8a27-5f2db7d4b42c,2024-08-14T17:42:12.656Z
d9f0de05-200e-48f4-abf7-6016d551141b,e1857b29-062d-4ee3-b216-bf9c5da7828a,2024-05-25T16:57:48.950Z
687855af-5727-4bca-a8ce-8c0eacebcdcc,0e7fece2-d883-477a-acb5-5453a4218114,2024-04-27T15:33:55.822Z
e730c220-e2bc-4b75-a1fb-969ebb4b3b7c,a9b5b943-4a19-4636-9b6d-b61bad32f019,2024-05-31T02:53:09.591Z
2ff99a1b-649c-462c-acf6-a4af79e244f1,cbbab9a1-81e5-42fd-babc-a92c3bf0ccfb,2025-04-04T02:35:53.563Z
5351ac00-7002-4be9-9e25-b587dce0aef1,8b5a5746-793c-4063-8445-90848bb5224d,2025-08-14T13:33:53.060Z
af1844c3-c090-4ecb-824a-b52453342515,93030e3b-02ed-4fa4-b1f2-e9959fa3e086,2025-04-27T13:25:22.248Z
d4d52c8a-b702-433f-b72e-7974191d1c29,f3fdabed-0906-437f-8a8c-86007301f3bf,2025-01-10T14:52:40.251Z
878a4c22-3b3e-476b-9d53-3728a0b3d54a,2e71dc6b-fd67-40a8-91d3-ab02e721eda2,2025-03-09T21:26:11.260Z
f60977c9-a282-494f-b059-3d9307932ced,3c478466-ac22-4bee-ba4c-59ed88b82548,2024-06-14T12:14:18.785Z
1e53723c-cf0e-45f7-9054-fa840a88ef09,4ed1f9fc-f691-4ab3-9765-8a63f3e29f52,2024-11-01T16:17:05.462Z
4e840b59-df32-4801-902f-c8419abe945d,4e3754c6-b5c8-43f5-923c-4892d90bbd48,2024-01-06T22:34:01.265Z
72456943-08d5-4ca7-b58b-9dd4db235974,033be7a5-801f-4c4c-b51d-325c06928a18,2025-07-01T06:23:47.389Z
5efdfc44-97a3-4f26-a1f0-bde4b9337da6,053bd2dc-c202-4582-acad-f2c6b4368e9b,2023-12-18T09:45:30.406Z
7d1e6f2f-ed2e-4420-a7a7-e2e5d534a424,85ab8c40-fa49-46a9-970a-288aa6f0914d,2025-09-22T22:01:46.382Z
bcf459b3-d2c4-4e1f-a1df-851cdff350b9,cb624738-0c26-4a12-8491-1cafdebb2f31,2025-03-28T11:22:33.750Z
0548cd4c-538a-4f04-b1cd-a0b60d706844,53342379-fc0b-4b25-8622-c59aa61f7775,2024-10-26T01:02:53.922Z
b545648d-5b8d-4e81-a0b9-86c072e8c7fb,6baf51ef-266b-4c77-b7ac-e499222887da,2025-07-09T13:58:57.865Z
bd9adca2-a9dc-4c99-a3c4-e148a2b1d052,3b9c4ff1-cb9d-477e-aef2-143349471991,2024-10-07T22:19:54.254Z
4eba88d1-0643-4647-ab86-33b5b6efc536,4c7bf788-acfc-45af-b5c4-8b18e2794fca,2024-08-07T01:18:28.177Z
4dbd740e-7b30-47f6-8049-9f99236d9aeb,4615e0a5-ef82-4e13-acaa-5aa30c000f8a,2024-03-24T17:54:40.827Z
38c5d6e6-e14d-4b2b-bb72-9f628b344856,0099cde9-f2c4-4395-87db-f2d327737210,2024-01-06T20:43:59.280Z